Name	Protein Sequence	Protein Length	SAR Length	SAR Start	Putative SAR Sequence	SAR End	['S%', 'G%', 'A%', 'T%']	% Total	N-term Sequence
CPT_NC_000929.1_019	MSERSARQWPDFLSVVLLALLLWISLFCGWRALMFCCASVFSVALCVAADCLDALIMSCRVPEHFARFVWPLTWLGSLSGLGLAVMATSQLKTGPEHVIWALAGLLTFWLSFRFRARLFG	120	19	12	FLSVVLLALLLWISLFCGW	31	[('S', 10.53), ('G', 5.26), ('A', 5.26), ('T', 0.0)]	21.05	S	0
CPT_NC_000929.1_019	MSERSARQWPDFLSVVLLALLLWISLFCGWRALMFCCASVFSVALCVAADCLDALIMSCRVPEHFARFVWPLTWLGSLSGLGLAVMATSQLKTGPEHVIWALAGLLTFWLSFRFRARLFG	120	18	13	LSVVLLALLLWISLFCGW	31	[('S', 11.11), ('G', 5.56), ('A', 5.56), ('T', 0.0)]	22.23	S	0
CPT_NC_000929.1_019	MSERSARQWPDFLSVVLLALLLWISLFCGWRALMFCCASVFSVALCVAADCLDALIMSCRVPEHFARFVWPLTWLGSLSGLGLAVMATSQLKTGPEHVIWALAGLLTFWLSFRFRARLFG	120	18	32	ALMFCCASVFSVALCVAA	50	[('S', 11.11), ('G', 0.0), ('A', 27.78), ('T', 0.0)]	38.89	S	1
CPT_NC_000929.1_019	MSERSARQWPDFLSVVLLALLLWISLFCGWRALMFCCASVFSVALCVAADCLDALIMSCRVPEHFARFVWPLTWLGSLSGLGLAVMATSQLKTGPEHVIWALAGLLTFWLSFRFRARLFG	120	17	14	SVVLLALLLWISLFCGW	31	[('S', 11.76), ('G', 5.88), ('A', 5.88), ('T', 0.0)]	23.52	S	0
CPT_NC_000929.1_019	MSERSARQWPDFLSVVLLALLLWISLFCGWRALMFCCASVFSVALCVAADCLDALIMSCRVPEHFARFVWPLTWLGSLSGLGLAVMATSQLKTGPEHVIWALAGLLTFWLSFRFRARLFG	120	17	33	LMFCCASVFSVALCVAA	50	[('S', 11.76), ('G', 0.0), ('A', 23.53), ('T', 0.0)]	35.29	S	1
CPT_NC_000929.1_019	MSERSARQWPDFLSVVLLALLLWISLFCGWRALMFCCASVFSVALCVAADCLDALIMSCRVPEHFARFVWPLTWLGSLSGLGLAVMATSQLKTGPEHVIWALAGLLTFWLSFRFRARLFG	120	16	15	VVLLALLLWISLFCGW	31	[('S', 6.25), ('G', 6.25), ('A', 6.25), ('T', 0.0)]	18.75	S	0
CPT_NC_000929.1_019	MSERSARQWPDFLSVVLLALLLWISLFCGWRALMFCCASVFSVALCVAADCLDALIMSCRVPEHFARFVWPLTWLGSLSGLGLAVMATSQLKTGPEHVIWALAGLLTFWLSFRFRARLFG	120	16	34	MFCCASVFSVALCVAA	50	[('S', 12.5), ('G', 0.0), ('A', 25.0), ('T', 0.0)]	37.5	S	1
CPT_NC_000929.1_019	MSERSARQWPDFLSVVLLALLLWISLFCGWRALMFCCASVFSVALCVAADCLDALIMSCRVPEHFARFVWPLTWLGSLSGLGLAVMATSQLKTGPEHVIWALAGLLTFWLSFRFRARLFG	120	15	12	FLSVVLLALLLWISL	27	[('S', 13.33), ('G', 0.0), ('A', 6.67), ('T', 0.0)]	20.0	S	0
CPT_NC_000929.1_019	MSERSARQWPDFLSVVLLALLLWISLFCGWRALMFCCASVFSVALCVAADCLDALIMSCRVPEHFARFVWPLTWLGSLSGLGLAVMATSQLKTGPEHVIWALAGLLTFWLSFRFRARLFG	120	15	13	LSVVLLALLLWISLF	28	[('S', 13.33), ('G', 0.0), ('A', 6.67), ('T', 0.0)]	20.0	S	0
CPT_NC_000929.1_019	MSERSARQWPDFLSVVLLALLLWISLFCGWRALMFCCASVFSVALCVAADCLDALIMSCRVPEHFARFVWPLTWLGSLSGLGLAVMATSQLKTGPEHVIWALAGLLTFWLSFRFRARLFG	120	15	14	SVVLLALLLWISLFC	29	[('S', 13.33), ('G', 0.0), ('A', 6.67), ('T', 0.0)]	20.0	S	0
CPT_NC_000929.1_019	MSERSARQWPDFLSVVLLALLLWISLFCGWRALMFCCASVFSVALCVAADCLDALIMSCRVPEHFARFVWPLTWLGSLSGLGLAVMATSQLKTGPEHVIWALAGLLTFWLSFRFRARLFG	120	15	15	VVLLALLLWISLFCG	30	[('S', 6.67), ('G', 6.67), ('A', 6.67), ('T', 0.0)]	20.01	S	0
CPT_NC_000929.1_019	MSERSARQWPDFLSVVLLALLLWISLFCGWRALMFCCASVFSVALCVAADCLDALIMSCRVPEHFARFVWPLTWLGSLSGLGLAVMATSQLKTGPEHVIWALAGLLTFWLSFRFRARLFG	120	15	16	VLLALLLWISLFCGW	31	[('S', 6.67), ('G', 6.67), ('A', 6.67), ('T', 0.0)]	20.01	S	0
CPT_NC_000929.1_019	MSERSARQWPDFLSVVLLALLLWISLFCGWRALMFCCASVFSVALCVAADCLDALIMSCRVPEHFARFVWPLTWLGSLSGLGLAVMATSQLKTGPEHVIWALAGLLTFWLSFRFRARLFG	120	15	32	ALMFCCASVFSVALC	47	[('S', 13.33), ('G', 0.0), ('A', 20.0), ('T', 0.0)]	33.33	S	1
CPT_NC_000929.1_019	MSERSARQWPDFLSVVLLALLLWISLFCGWRALMFCCASVFSVALCVAADCLDALIMSCRVPEHFARFVWPLTWLGSLSGLGLAVMATSQLKTGPEHVIWALAGLLTFWLSFRFRARLFG	120	15	33	LMFCCASVFSVALCV	48	[('S', 13.33), ('G', 0.0), ('A', 13.33), ('T', 0.0)]	26.66	S	1
CPT_NC_000929.1_019	MSERSARQWPDFLSVVLLALLLWISLFCGWRALMFCCASVFSVALCVAADCLDALIMSCRVPEHFARFVWPLTWLGSLSGLGLAVMATSQLKTGPEHVIWALAGLLTFWLSFRFRARLFG	120	15	34	MFCCASVFSVALCVA	49	[('S', 13.33), ('G', 0.0), ('A', 20.0), ('T', 0.0)]	33.33	S	1
CPT_NC_000929.1_019	MSERSARQWPDFLSVVLLALLLWISLFCGWRALMFCCASVFSVALCVAADCLDALIMSCRVPEHFARFVWPLTWLGSLSGLGLAVMATSQLKTGPEHVIWALAGLLTFWLSFRFRARLFG	120	15	35	FCCASVFSVALCVAA	50	[('S', 13.33), ('G', 0.0), ('A', 26.67), ('T', 0.0)]	40.0	S	1
CPT_NC_000929.1_020	MYRKFSDECFGPSTLINAIKVIALVVLITISAVVYLSVC	39	19	20	KVIALVVLITISAVVYLSV	39	[('S', 10.53), ('G', 0.0), ('A', 10.53), ('T', 5.26)]	26.32	Y	0
CPT_NC_000929.1_020	MYRKFSDECFGPSTLINAIKVIALVVLITISAVVYLSVC	39	18	21	VIALVVLITISAVVYLSV	39	[('S', 11.11), ('G', 0.0), ('A', 11.11), ('T', 5.56)]	27.78	Y	1
CPT_NC_000929.1_020	MYRKFSDECFGPSTLINAIKVIALVVLITISAVVYLSVC	39	17	22	IALVVLITISAVVYLSV	39	[('S', 11.76), ('G', 0.0), ('A', 11.76), ('T', 5.88)]	29.4	Y	1
CPT_NC_000929.1_020	MYRKFSDECFGPSTLINAIKVIALVVLITISAVVYLSVC	39	16	23	ALVVLITISAVVYLSV	39	[('S', 12.5), ('G', 0.0), ('A', 12.5), ('T', 6.25)]	31.25	Y	1
CPT_NC_000929.1_020	MYRKFSDECFGPSTLINAIKVIALVVLITISAVVYLSVC	39	15	20	KVIALVVLITISAVV	35	[('S', 6.67), ('G', 0.0), ('A', 13.33), ('T', 6.67)]	26.67	Y	0
CPT_NC_000929.1_020	MYRKFSDECFGPSTLINAIKVIALVVLITISAVVYLSVC	39	15	21	VIALVVLITISAVVY	36	[('S', 6.67), ('G', 0.0), ('A', 13.33), ('T', 6.67)]	26.67	Y	1
CPT_NC_000929.1_020	MYRKFSDECFGPSTLINAIKVIALVVLITISAVVYLSVC	39	15	22	IALVVLITISAVVYL	37	[('S', 6.67), ('G', 0.0), ('A', 13.33), ('T', 6.67)]	26.67	Y	1
CPT_NC_000929.1_020	MYRKFSDECFGPSTLINAIKVIALVVLITISAVVYLSVC	39	15	23	ALVVLITISAVVYLS	38	[('S', 13.33), ('G', 0.0), ('A', 13.33), ('T', 6.67)]	33.33	Y	1
CPT_NC_000929.1_020	MYRKFSDECFGPSTLINAIKVIALVVLITISAVVYLSVC	39	15	24	LVVLITISAVVYLSV	39	[('S', 13.33), ('G', 0.0), ('A', 6.67), ('T', 6.67)]	26.67	Y	1
SAR-endolysin	MAGIPKKLKAALLAVTIAGGGVGGYQEMTRQSLIHLENIAYMPYRDIAGVLTVCVGHTGPDIEMRRYSHAECMALLDSDLKPVYAAIDRLVRVPLTPYQKTALATFIFNTGVTAFSKSTLLKKLNAGDYAGARDQMARWVFAAGHKWKGLMNRREVEMAIWNIRGADDLRQ	171	17	9	KAALLAVTIAGGGVGGY	26	[('S', 0.0), ('G', 29.41), ('A', 23.53), ('T', 5.88)]	58.82	A	2
SAR-endolysin	MAGIPKKLKAALLAVTIAGGGVGGYQEMTRQSLIHLENIAYMPYRDIAGVLTVCVGHTGPDIEMRRYSHAECMALLDSDLKPVYAAIDRLVRVPLTPYQKTALATFIFNTGVTAFSKSTLLKKLNAGDYAGARDQMARWVFAAGHKWKGLMNRREVEMAIWNIRGADDLRQ	171	16	10	AALLAVTIAGGGVGGY	26	[('S', 0.0), ('G', 31.25), ('A', 25.0), ('T', 6.25)]	62.5	A	3
SAR-endolysin	MAGIPKKLKAALLAVTIAGGGVGGYQEMTRQSLIHLENIAYMPYRDIAGVLTVCVGHTGPDIEMRRYSHAECMALLDSDLKPVYAAIDRLVRVPLTPYQKTALATFIFNTGVTAFSKSTLLKKLNAGDYAGARDQMARWVFAAGHKWKGLMNRREVEMAIWNIRGADDLRQ	171	15	9	KAALLAVTIAGGGVG	24	[('S', 0.0), ('G', 26.67), ('A', 26.67), ('T', 6.67)]	60.01	A	2
SAR-endolysin	MAGIPKKLKAALLAVTIAGGGVGGYQEMTRQSLIHLENIAYMPYRDIAGVLTVCVGHTGPDIEMRRYSHAECMALLDSDLKPVYAAIDRLVRVPLTPYQKTALATFIFNTGVTAFSKSTLLKKLNAGDYAGARDQMARWVFAAGHKWKGLMNRREVEMAIWNIRGADDLRQ	171	15	10	AALLAVTIAGGGVGG	25	[('S', 0.0), ('G', 33.33), ('A', 26.67), ('T', 6.67)]	66.67	A	3
SAR-endolysin	MAGIPKKLKAALLAVTIAGGGVGGYQEMTRQSLIHLENIAYMPYRDIAGVLTVCVGHTGPDIEMRRYSHAECMALLDSDLKPVYAAIDRLVRVPLTPYQKTALATFIFNTGVTAFSKSTLLKKLNAGDYAGARDQMARWVFAAGHKWKGLMNRREVEMAIWNIRGADDLRQ	171	15	11	ALLAVTIAGGGVGGY	26	[('S', 0.0), ('G', 33.33), ('A', 20.0), ('T', 6.67)]	60.0	A	3
i-spanin	MTFASKSLLLAAVFTAVLSGGLWHRLDSTRHDNQTLRRELQTEQQARHTAEWLLHGQEQTMQVFSAIRAANRAARLADETEHHDAKEKITTAITGDNCSTRPVPAVAADRLRELEKRTRAIGGDPARN	128	18	6	KSLLLAAVFTAVLSGGLW	24	[('S', 11.11), ('G', 11.11), ('A', 16.67), ('T', 5.56)]	44.45	T	0
i-spanin	MTFASKSLLLAAVFTAVLSGGLWHRLDSTRHDNQTLRRELQTEQQARHTAEWLLHGQEQTMQVFSAIRAANRAARLADETEHHDAKEKITTAITGDNCSTRPVPAVAADRLRELEKRTRAIGGDPARN	128	17	7	SLLLAAVFTAVLSGGLW	24	[('S', 11.76), ('G', 11.76), ('A', 17.65), ('T', 5.88)]	47.05	T	1
i-spanin	MTFASKSLLLAAVFTAVLSGGLWHRLDSTRHDNQTLRRELQTEQQARHTAEWLLHGQEQTMQVFSAIRAANRAARLADETEHHDAKEKITTAITGDNCSTRPVPAVAADRLRELEKRTRAIGGDPARN	128	16	8	LLLAAVFTAVLSGGLW	24	[('S', 6.25), ('G', 12.5), ('A', 18.75), ('T', 6.25)]	43.75	T	1
i-spanin	MTFASKSLLLAAVFTAVLSGGLWHRLDSTRHDNQTLRRELQTEQQARHTAEWLLHGQEQTMQVFSAIRAANRAARLADETEHHDAKEKITTAITGDNCSTRPVPAVAADRLRELEKRTRAIGGDPARN	128	15	6	KSLLLAAVFTAVLSG	21	[('S', 13.33), ('G', 6.67), ('A', 20.0), ('T', 6.67)]	46.67	T	0
i-spanin	MTFASKSLLLAAVFTAVLSGGLWHRLDSTRHDNQTLRRELQTEQQARHTAEWLLHGQEQTMQVFSAIRAANRAARLADETEHHDAKEKITTAITGDNCSTRPVPAVAADRLRELEKRTRAIGGDPARN	128	15	7	SLLLAAVFTAVLSGG	22	[('S', 13.33), ('G', 13.33), ('A', 20.0), ('T', 6.67)]	53.33	T	1
i-spanin	MTFASKSLLLAAVFTAVLSGGLWHRLDSTRHDNQTLRRELQTEQQARHTAEWLLHGQEQTMQVFSAIRAANRAARLADETEHHDAKEKITTAITGDNCSTRPVPAVAADRLRELEKRTRAIGGDPARN	128	15	8	LLLAAVFTAVLSGGL	23	[('S', 6.67), ('G', 13.33), ('A', 20.0), ('T', 6.67)]	46.67	T	1
i-spanin	MTFASKSLLLAAVFTAVLSGGLWHRLDSTRHDNQTLRRELQTEQQARHTAEWLLHGQEQTMQVFSAIRAANRAARLADETEHHDAKEKITTAITGDNCSTRPVPAVAADRLRELEKRTRAIGGDPARN	128	15	9	LLAAVFTAVLSGGLW	24	[('S', 6.67), ('G', 13.33), ('A', 20.0), ('T', 6.67)]	46.67	T	1
